,,,,,,,,,,,,,,,,,,,,,
,,,,,,,,,,,,,,,,,,,,,
Number,Cellulose,Hemicellulose,Lignin,Temp,Pressure,Equivalance mass ratio,Steam to biomass mass ratio,Superficial gas velocity,H2,CO,CO2,CH4,Lower heating value,Char yield,tar yield,,,,,,
1,0.46,0.29,0.25,665.00,1.00,0.25,0.00,0.22,9.70,48.24,35.03,7.03,9.65,24.00,0.00,,,,,,
2,0.46,0.29,0.25,744.00,1.00,0.30,0.00,0.22,10.13,40.05,43.48,6.35,8.42,21.70,0.00,,,,,,
3,0.46,0.29,0.25,811.00,1.00,0.35,0.00,0.22,9.61,36.16,48.61,5.62,7.61,19.00,0.00,,,,,,
4,0.46,0.29,0.25,670.00,1.00,0.25,0.00,0.28,9.69,46.99,37.26,6.06,9.14,29.60,0.00,,,,,,
5,0.46,0.29,0.25,750.00,1.00,0.30,0.00,0.28,9.37,39.76,45.36,5.51,8.00,27.40,0.00,,,,,,
6,0.46,0.29,0.25,822.00,1.00,0.35,0.00,0.28,9.36,35.88,49.45,5.31,7.44,21.40,0.00,,,,,,
7,0.46,0.29,0.25,700.00,1.00,0.25,0.00,0.33,9.64,42.79,41.91,5.66,8.46,45.00,0.00,,,,,,
8,0.46,0.29,0.25,766.00,1.00,0.30,0.00,0.33,9.53,37.30,47.69,5.48,7.69,40.00,0.00,,,,,,
9,0.46,0.29,0.25,828.00,1.00,0.35,0.00,0.33,9.34,35.32,50.06,5.29,7.35,33.00,0.00,,,,,,
10,0.47,0.19,0.35,740.00,1.65,0.54,0.00,2.89,17.50,21.56,56.56,4.38,1.98,2.30,0.00,,,,,,
11,0.47,0.19,0.35,718.00,1.19,0.45,0.00,1.99,9.72,34.48,49.84,5.96,2.40,0.00,0.00,,,,,,
12,0.44,0.26,0.30,815.00,1.19,0.52,0.00,2.35,9.49,30.38,54.11,6.01,2.21,0.80,0.00,,,,,,
13,0.44,0.26,0.30,772.00,1.19,0.38,0.02,1.95,10.47,38.48,43.19,7.85,3.36,1.40,0.00,,,,,,
14,0.44,0.26,0.30,787.00,1.19,0.43,0.22,1.86,10.92,36.21,45.11,7.76,2.97,7.00,0.00,,,,,,
15,0.44,0.26,0.30,718.00,1.19,0.34,0.00,1.92,13.58,40.99,37.04,8.40,3.90,8.10,0.00,,,,,,
16,0.44,0.26,0.30,752.00,1.19,0.41,0.00,2.02,9.92,37.96,44.19,7.93,3.07,12.30,0.00,,,,,,
17,0.44,0.26,0.30,789.00,1.19,0.34,0.00,1.73,11.20,38.93,41.87,8.00,3.37,14.30,1.39,,,,,,
18,0.45,0.33,0.22,812.00,1.00,0.35,0.00,0.07,19.50,35.30,33.80,11.40,4.76,7.00,0.00,,,,,,
19,0.45,0.33,0.22,804.00,1.00,0.33,0.22,0.07,24.80,32.10,33.10,10.00,4.95,10.00,0.00,,,,,,
20,0.45,0.33,0.22,789.00,1.00,0.33,0.45,0.07,27.30,28.30,34.90,9.40,4.83,8.00,0.00,,,,,,
21,0.45,0.33,0.22,786.00,1.00,0.27,0.23,0.07,28.10,30.10,32.50,9.40,5.09,10.00,0.00,,,,,,
22,0.45,0.33,0.22,755.00,1.00,0.27,0.43,0.07,31.20,22.90,35.80,10.20,5.15,9.00,0.00,,,,,,
23,0.45,0.33,0.22,808.00,1.00,0.36,0.32,0.05,28.10,32.30,30.20,9.40,6.12,6.00,0.00,,,,,,
24,0.45,0.33,0.22,790.00,1.00,0.35,0.60,0.04,31.20,26.90,32.20,9.70,6.00,5.00,0.00,,,,,,
25,0.45,0.33,0.22,781.00,1.00,0.25,0.31,0.04,31.60,32.90,24.90,10.60,7.19,4.00,0.00,,,,,,
26,0.45,0.33,0.22,765.00,1.00,0.24,0.58,0.03,34.30,23.50,31.30,10.90,6.88,4.00,0.00,,,,,,
27,0.45,0.33,0.22,820.00,1.00,0.38,0.33,0.05,29.20,33.40,28.00,9.40,6.41,5.00,0.00,,,,,,
28,0.45,0.33,0.22,795.00,1.00,0.34,0.56,0.03,34.40,27.60,28.40,9.60,6.75,5.00,0.00,,,,,,
29,0.45,0.33,0.22,800.00,1.00,0.27,0.31,0.04,33.90,36.10,19.00,11.00,8.06,4.00,0.00,,,,,,
30,0.45,0.33,0.22,757.00,1.00,0.26,0.63,0.03,36.90,28.40,23.80,10.90,7.81,4.00,0.00,,,,,,
31,0.45,0.33,0.22,840.00,1.00,0.32,0.10,0.05,26.50,39.60,23.40,10.50,8.06,3.00,0.00,,,,,,
32,0.45,0.33,0.22,829.00,1.00,0.33,0.29,0.04,33.80,36.70,20.00,9.50,8.00,4.00,0.00,,,,,,
33,0.45,0.33,0.22,830.00,1.00,0.35,0.36,0.03,33.00,35.40,21.60,9.90,7.83,4.00,0.00,,,,,,
34,0.45,0.33,0.22,813.00,1.00,0.32,0.54,0.03,35.90,29.60,24.40,10.10,7.67,3.00,0.00,,,,,,
35,0.45,0.33,0.22,806.00,1.00,0.33,0.57,0.03,37.40,28.10,24.80,9.70,7.62,4.00,0.00,,,,,,
36,0.45,0.33,0.22,803.00,1.00,0.26,0.30,0.03,36.00,39.80,12.90,11.30,9.28,3.00,0.00,,,,,,
37,0.45,0.33,0.22,766.00,1.00,0.24,0.56,0.02,37.50,32.10,19.90,10.50,8.70,3.00,0.00,,,,,,
38,0.45,0.33,0.22,780.00,1.00,0.19,0.00,0.07,25.58,35.27,27.52,11.63,5.90,13.00,25.80,,,,,,
39,0.45,0.33,0.22,805.00,1.00,0.27,0.00,0.07,25.05,34.99,29.62,10.34,5.40,12.00,23.80,,,,,,
40,0.45,0.33,0.22,812.00,1.00,0.35,0.00,0.07,19.46,35.35,33.78,11.41,4.80,11.00,17.60,,,,,,
41,0.45,0.33,0.22,804.00,1.00,0.33,0.22,0.07,24.79,32.08,33.13,10.00,4.90,10.00,16.70,,,,,,
42,0.45,0.33,0.22,789.00,1.00,0.33,0.45,0.07,27.31,28.34,34.91,9.45,4.80,8.00,15.40,,,,,,
43,0.47,0.25,0.28,780.00,1.00,0.17,0.65,0.30,36.64,24.91,30.51,7.94,9.94,33.00,13.20,,,,,,
44,0.47,0.25,0.28,780.00,1.00,0.17,0.65,0.30,40.50,20.78,31.44,7.28,9.60,30.00,11.40,,,,,,
45,0.47,0.25,0.28,780.00,1.00,0.17,0.65,0.30,46.35,26.97,23.42,3.26,9.57,0.00,9.00,,,,,,
46,0.47,0.25,0.28,780.00,1.00,0.17,0.65,0.30,47.57,27.63,22.45,2.34,9.46,38.00,8.60,,,,,,
47,0.50,0.25,0.24,650.00,1.00,0.00,7.98,0.10,66.03,5.01,16.45,12.51,10.31,20.85,3.32,,,,,,
48,0.50,0.25,0.24,650.00,1.00,0.00,8.03,0.10,49.26,14.82,20.53,15.38,10.31,23.87,3.76,,,,,,
49,0.50,0.25,0.24,750.00,1.00,0.00,0.00,0.09,37.57,35.81,12.25,14.37,14.96,20.61,0.71,,,,,,
50,0.50,0.25,0.24,750.00,1.00,0.00,7.07,0.10,55.55,7.78,29.50,7.17,9.99,3.05,0.69,,,,,,
51,0.50,0.25,0.24,750.00,1.00,0.00,7.11,0.10,47.76,15.31,27.40,9.53,11.16,2.32,4.90,,,,,,
52,0.50,0.25,0.24,750.00,1.00,0.00,7.08,0.10,55.21,7.48,29.88,7.44,10.04,3.51,1.79,,,,,,
53,0.29,0.29,0.42,750.00,1.00,0.20,0.00,0.30,39.00,23.23,31.68,6.10,9.32,38.90,0.00,,,,,,
54,0.29,0.29,0.42,750.00,1.00,0.30,0.00,0.30,40.00,29.25,25.75,5.00,9.80,34.02,0.00,,,,,,
55,0.29,0.29,0.42,750.00,1.00,0.40,0.00,0.30,42.56,26.86,25.61,4.97,9.76,29.16,0.00,,,,,,
56,0.29,0.29,0.42,800.00,1.00,0.20,0.00,0.30,33.51,26.33,32.78,7.38,9.58,38.90,0.00,,,,,,
57,0.29,0.29,0.42,800.00,1.00,0.30,0.00,0.30,30.18,29.04,34.76,6.02,9.08,34.02,0.00,,,,,,
58,0.29,0.29,0.42,800.00,1.00,0.40,0.00,0.30,31.72,31.94,32.29,4.05,8.90,29.16,0.00,,,,,,
59,0.29,0.29,0.42,850.00,1.00,0.20,0.00,0.30,32.60,32.69,28.67,6.05,9.81,38.90,0.00,,,,,,
60,0.29,0.29,0.42,850.00,1.00,0.30,0.00,0.30,29.60,28.17,35.15,7.09,9.29,34.02,0.00,,,,,,
61,0.29,0.29,0.42,850.00,1.00,0.40,0.00,0.30,28.15,27.33,37.59,6.93,8.97,29.16,0.00,,,,,,
62,0.47,0.19,0.35,740.00,1.65,0.54,0.00,0.72,17.45,21.50,56.70,4.36,1.98,2.30,0.00,,,,,,
63,0.45,0.20,0.35,730.00,1.19,0.40,0.00,0.52,9.73,32.52,51.98,5.78,2.38,7.10,0.00,,,,,,
64,0.44,0.26,0.30,815.00,1.19,0.52,0.00,0.59,9.49,30.38,54.11,6.01,2.21,0.80,0.00,,,,,,
65,0.44,0.26,0.30,772.00,1.19,0.38,0.02,0.49,10.50,38.58,43.31,7.61,3.32,1.40,0.00,,,,,,
66,0.44,0.26,0.30,787.00,1.19,0.43,0.22,0.47,10.92,36.21,45.11,7.76,2.97,7.00,0.00,,,,,,
67,0.44,0.26,0.30,718.00,1.19,0.34,0.00,0.48,13.58,40.99,37.04,8.40,3.90,8.10,0.00,,,,,,
68,0.46,0.19,0.35,730.00,1.19,0.35,0.00,0.51,10.43,40.37,41.71,7.49,3.33,14.20,0.00,,,,,,
69,0.44,0.26,0.30,752.00,1.19,0.41,0.00,0.51,9.92,37.96,44.19,7.93,3.07,8.90,0.00,,,,,,
70,0.46,0.19,0.36,815.00,1.19,0.40,0.00,0.44,11.58,34.75,46.61,7.06,2.89,12.40,0.41,,,,,,
71,0.44,0.26,0.30,789.00,1.19,0.34,0.00,0.43,11.20,38.93,41.87,8.00,3.37,18.10,1.39,,,,,,
72,0.51,0.21,0.28,701.00,1.19,0.22,0.00,0.46,11.71,46.42,31.89,9.98,4.93,18.40,15.13,,,,,,
73,0.32,0.19,0.49,749.20,2.00,0.00,5.01,0.06,5.39,27.54,60.24,6.83,8.08,17.90,10.91,,,,,,
74,0.32,0.19,0.49,733.00,2.00,0.00,5.09,0.06,5.71,31.44,56.44,6.41,8.33,9.00,7.63,,,,,,
75,0.32,0.19,0.49,738.90,2.00,0.00,6.04,0.07,5.52,25.41,62.56,6.52,7.94,17.90,10.21,,,,,,
76,0.32,0.19,0.49,740.00,2.00,0.00,6.03,0.07,5.84,30.27,57.74,6.15,8.32,2.10,6.88,,,,,,
77,0.20,0.63,0.18,840.00,5.00,0.31,0.00,0.56,29.53,33.25,30.02,7.20,2.63,17.60,1.60,,,,,,
78,0.20,0.63,0.18,825.00,5.00,0.29,0.29,1.01,30.26,26.05,35.26,8.42,2.42,19.20,3.00,,,,,,
79,0.20,0.63,0.18,828.00,5.00,0.32,0.11,0.76,30.36,31.12,31.89,6.63,2.50,18.80,1.70,,,,,,
80,0.20,0.63,0.18,828.00,5.00,0.37,0.00,0.61,28.27,32.80,32.80,6.13,2.51,16.20,0.70,,,,,,
81,0.20,0.63,0.18,831.00,7.00,0.30,0.31,0.77,32.15,24.30,35.19,8.35,2.42,16.40,2.60,,,,,,
82,0.20,0.63,0.18,822.00,10.00,0.29,0.43,0.65,31.78,24.03,34.37,9.82,2.61,18.80,2.50,,,,,,
83,0.20,0.63,0.18,819.00,5.00,0.40,0.18,0.75,29.54,29.81,34.69,5.96,2.17,7.80,1.10,,,,,,
84,0.20,0.63,0.18,815.00,4.00,0.43,0.37,0.76,28.79,23.33,41.21,6.67,1.74,6.80,2.20,,,,,,
85,0.20,0.63,0.18,835.00,5.00,0.41,0.19,0.71,28.77,28.21,37.04,5.98,2.00,11.40,1.90,,,,,,
86,0.55,0.16,0.29,775.00,4.00,0.28,0.08,0.64,21.65,36.86,29.64,11.86,3.36,11.20,6.10,,,,,,
87,0.55,0.16,0.29,814.00,4.00,0.39,0.34,0.82,26.01,31.21,34.68,8.09,2.47,6.50,2.90,,,,,,
88,0.47,0.26,0.27,700.00,1.00,0.20,0.00,0.19,29.18,21.67,37.61,11.54,6.32,21.50,28.98,,,,,,
89,0.47,0.26,0.27,800.00,1.00,0.20,0.00,0.19,31.02,28.28,31.51,9.19,6.83,5.21,27.03,,,,,,
90,0.47,0.26,0.27,700.00,1.00,0.20,0.00,0.18,27.95,23.65,37.60,10.81,5.88,23.17,26.31,,,,,,
91,0.47,0.26,0.27,760.00,1.00,0.20,0.00,0.19,27.47,27.98,33.90,10.65,6.47,12.96,42.99,,,,,,
92,0.47,0.26,0.27,800.00,1.00,0.20,0.00,0.19,29.89,30.72,30.44,8.95,7.01,0.90,34.85,,,,,,
93,0.58,0.31,0.10,836.00,1.00,0.35,1.00,3.44,28.68,23.71,39.82,7.79,4.28,11.80,5.80,,,,,,
94,0.58,0.31,0.10,837.00,1.00,0.33,1.00,3.44,30.50,22.32,39.69,7.48,4.16,11.80,5.80,,,,,,
95,0.58,0.31,0.10,833.00,1.00,0.35,1.00,3.44,36.50,16.23,41.14,6.13,3.37,11.80,5.80,,,,,,
96,0.55,0.16,0.29,750.00,1.00,0.00,0.65,0.03,28.38,33.12,25.84,12.66,8.03,18.50,8.30,,,,,,
97,0.55,0.16,0.29,800.00,1.00,0.00,0.65,0.03,30.64,28.75,29.28,11.33,7.03,16.10,5.50,,,,,,
98,0.55,0.16,0.29,850.00,1.00,0.00,0.62,0.03,29.87,33.33,26.00,10.80,7.68,13.70,5.10,,,,,,
99,0.55,0.16,0.29,750.00,1.00,0.00,0.60,0.03,30.27,23.28,36.12,10.33,5.65,21.90,5.50,,,,,,
100,0.55,0.16,0.29,800.00,1.00,0.00,0.50,0.02,28.40,39.40,22.70,9.50,8.29,17.90,3.90,,,,,,
101,0.55,0.16,0.29,800.00,1.00,0.00,0.60,0.03,30.96,27.41,30.96,10.67,6.60,17.30,3.70,,,,,,
102,0.55,0.16,0.29,800.00,1.00,0.00,0.90,0.04,31.95,20.53,38.22,9.30,5.04,14.70,4.20,,,,,,
103,0.55,0.16,0.29,800.00,1.00,0.00,0.57,0.02,27.81,19.48,43.54,9.17,4.47,12.60,2.60,,,,,,
104,0.58,0.31,0.10,785.00,1.00,0.24,0.00,0.07,25.44,34.83,28.18,11.55,5.75,10.68,24.30,,,,,,
105,0.58,0.31,0.10,806.00,1.00,0.30,0.00,0.07,22.57,36.23,30.64,10.56,5.21,6.86,23.20,,,,,,
106,0.58,0.31,0.10,813.00,1.00,0.36,0.00,0.07,19.19,35.89,33.86,11.06,4.67,5.14,16.90,,,,,,
107,0.58,0.31,0.10,779.00,1.00,0.24,0.00,0.08,24.85,35.70,27.22,12.23,5.85,13.97,19.70,,,,,,
108,0.58,0.31,0.10,798.00,1.00,0.30,0.00,0.08,21.80,37.53,29.14,11.53,5.35,10.32,22.60,,,,,,
109,0.58,0.31,0.10,804.00,1.00,0.36,0.00,0.08,18.33,37.56,32.13,11.99,4.87,9.90,21.40,,,,,,
110,0.58,0.31,0.10,784.00,1.00,0.24,0.00,0.07,22.63,32.69,31.33,13.35,5.85,10.14,21.10,,,,,,
111,0.58,0.31,0.10,798.00,1.00,0.30,0.00,0.07,20.53,32.03,34.91,12.53,5.21,6.33,17.50,,,,,,
112,0.58,0.31,0.10,809.00,1.00,0.36,0.00,0.07,17.88,31.57,38.85,11.70,4.56,5.90,14.40,,,,,,
113,0.58,0.31,0.10,785.00,1.00,0.23,0.00,0.07,26.09,32.12,30.11,11.68,6.05,11.63,16.10,,,,,,
114,0.58,0.31,0.10,803.00,1.00,0.29,0.00,0.07,25.19,31.20,32.89,10.71,4.88,8.35,12.00,,,,,,
115,0.58,0.31,0.10,810.00,1.00,0.35,0.00,0.07,21.26,32.59,36.44,9.72,4.88,6.67,10.20,,,,,,
116,0.44,0.08,0.48,800.00,1.00,0.18,0.00,0.19,22.42,37.36,30.11,10.11,6.60,26.50,12.70,,,,,,
117,0.44,0.08,0.48,800.00,1.00,0.21,0.00,0.19,19.77,37.70,32.41,10.11,6.30,20.90,12.70,,,,,,
118,0.44,0.08,0.48,800.00,1.00,0.23,0.00,0.19,17.82,36.39,36.39,9.41,5.50,25.60,14.70,,,,,,
119,0.44,0.08,0.48,800.00,1.00,0.26,0.00,0.19,18.78,36.59,35.61,9.02,5.50,17.50,15.90,,,,,,
120,0.44,0.08,0.48,660.00,1.00,0.20,0.00,0.16,14.21,32.04,43.15,10.59,4.70,38.80,10.90,,,,,,
121,0.44,0.08,0.48,700.00,1.00,0.20,0.00,0.17,16.06,32.38,41.71,9.84,4.80,30.80,10.80,,,,,,
122,0.44,0.08,0.48,750.00,1.00,0.20,0.00,0.18,16.59,36.10,36.83,10.49,5.60,27.10,13.50,,,,,,
123,0.44,0.08,0.48,850.00,1.00,0.20,0.00,0.20,22.96,39.29,28.48,9.27,6.60,17.70,12.30,,,,,,
124,0.50,0.25,0.25,800.00,1.00,0.32,0.00,0.19,12.50,35.05,42.66,9.78,4.90,3.90,9.30,,,,,,
125,0.50,0.25,0.25,716.00,1.00,0.21,0.00,0.17,17.65,32.71,39.76,9.88,5.50,27.70,7.80,,,,,,
126,0.50,0.25,0.25,761.00,1.00,0.30,0.00,0.18,19.42,31.80,40.05,8.74,5.10,10.30,5.80,,,,,,
127,0.50,0.25,0.25,800.00,1.00,0.22,0.00,0.19,23.91,34.78,31.96,9.35,6.50,13.40,6.20,,,,,,
128,0.50,0.25,0.25,850.00,1.00,0.23,0.00,0.20,28.19,36.51,27.18,8.11,6.80,10.50,4.90,,,,,,
129,0.50,0.25,0.25,800.00,1.00,0.25,0.00,0.19,23.43,33.41,34.34,8.82,5.70,15.70,4.70,,,,,,
130,0.50,0.25,0.25,800.00,1.00,0.27,0.00,0.19,20.10,32.75,38.21,8.93,5.30,13.80,5.10,,,,,,
131,0.50,0.25,0.25,800.00,1.00,0.30,0.00,0.19,20.44,33.33,37.71,8.52,5.20,7.70,5.70,,,,,,
132,0.50,0.25,0.25,800.00,1.00,0.31,0.00,0.19,17.85,32.28,41.21,8.66,4.70,9.10,5.60,,,,,,
133,0.44,0.08,0.48,800.00,1.00,0.22,0.00,0.20,18.78,36.59,35.61,9.02,5.50,28.90,9.70,,,,,,
134,0.44,0.08,0.48,800.00,1.00,0.23,0.00,0.20,18.34,36.43,35.70,9.54,5.60,25.80,10.00,,,,,,
135,0.44,0.08,0.48,800.00,1.00,0.26,0.00,0.20,16.95,37.29,36.80,8.96,5.50,20.20,9.90,,,,,,
136,0.44,0.08,0.48,800.00,1.00,0.27,0.00,0.20,18.40,36.56,36.08,8.96,5.40,19.30,9.80,,,,,,
137,0.44,0.08,0.48,814.00,1.00,0.28,0.00,0.20,12.37,36.83,41.40,9.41,5.00,8.50,9.70,,,,,,
138,0.29,0.29,0.42,800.00,1.00,0.24,0.00,0.56,25.58,31.72,34.31,8.38,9.77,40.00,25.10,,,,,,
139,0.29,0.29,0.42,800.00,1.00,0.24,0.00,0.56,26.63,32.85,32.89,7.63,9.75,42.00,25.10,,,,,,
140,0.29,0.29,0.42,800.00,1.00,0.29,0.00,0.69,23.72,28.48,39.42,8.37,9.15,28.00,9.99,,,,,,
141,0.29,0.29,0.42,850.00,1.00,0.24,0.00,0.58,29.59,33.37,29.61,7.43,10.06,34.00,9.61,,,,,,
142,0.29,0.29,0.42,850.00,1.00,0.29,0.00,0.72,26.08,31.05,34.60,8.27,9.69,22.00,8.30,,,,,,
143,0.29,0.29,0.42,850.00,1.00,0.35,0.00,0.86,21.97,28.05,41.91,8.06,8.80,21.00,6.23,,,,,,
144,0.29,0.29,0.42,900.00,1.00,0.17,0.00,0.46,30.59,41.25,19.70,8.45,11.53,23.00,6.23,,,,,,
145,0.29,0.29,0.42,900.00,1.00,0.24,0.00,0.61,27.75,37.85,26.24,8.16,10.69,24.00,9.11,,,,,,
146,0.29,0.29,0.42,900.00,1.00,0.24,0.00,0.61,28.14,37.70,25.92,8.24,10.74,24.00,8.19,,,,,,
147,0.29,0.29,0.42,900.00,1.00,0.29,0.00,0.75,25.20,32.74,33.28,8.78,10.00,19.00,8.84,,,,,,
148,0.29,0.29,0.42,900.00,1.00,0.35,0.00,0.90,22.77,30.94,38.18,8.12,9.27,20.00,8.84,,,,,,
149,0.29,0.29,0.42,800.00,1.00,0.24,0.00,0.56,27.25,28.59,36.87,7.29,9.16,24.00,8.84,,,,,,
150,0.29,0.29,0.42,850.00,1.00,0.29,0.00,0.72,25.29,30.82,35.85,8.05,9.50,26.00,8.84,,,,,,
151,0.29,0.29,0.42,800.00,1.00,0.23,0.00,0.82,23.82,30.56,36.96,8.66,9.53,30.00,8.84,,,,,,
152,0.29,0.29,0.42,900.00,1.00,0.29,0.00,1.12,21.77,32.73,36.46,9.04,9.72,22.00,8.84,,,,,,
153,0.29,0.29,0.42,800.00,1.00,0.23,0.00,0.30,25.80,33.38,31.17,9.65,10.45,34.00,8.84,,,,,,
154,0.29,0.29,0.42,850.00,1.00,0.29,0.00,0.38,23.75,32.91,33.31,10.03,10.31,25.00,8.84,,,,,,
155,0.29,0.29,0.42,900.00,1.00,0.33,0.00,0.48,22.16,31.03,37.75,9.06,9.55,9.00,8.84,,,,,,
156,0.29,0.29,0.42,850.00,1.00,0.12,0.00,0.46,29.50,38.29,22.71,9.50,11.42,33.00,8.84,,,,,,
157,0.47,0.25,0.28,750.00,5.00,0.23,2.20,9.34,36.62,22.58,32.37,8.44,3.45,7.31,2.58,,,,,,
158,0.47,0.25,0.28,750.00,5.00,0.23,2.10,9.58,38.54,18.86,35.17,7.44,2.97,8.90,4.69,,,,,,
159,0.47,0.25,0.28,850.00,5.00,0.24,2.20,9.35,39.66,20.89,31.31,8.14,3.36,4.34,0.72,,,,,,
160,0.47,0.25,0.28,850.00,5.00,0.24,2.10,9.59,40.11,20.69,31.31,7.89,3.32,6.21,1.60,,,,,,
161,0.49,0.28,0.23,816.76,1.00,0.30,0.00,0.30,20.80,29.95,38.78,10.47,2.48,12.09,11.11,,,,,,
162,0.49,0.28,0.23,854.01,1.00,0.29,0.00,0.31,20.00,35.70,39.47,4.82,2.13,20.99,9.22,,,,,,
163,0.49,0.28,0.23,700.00,1.00,0.30,1.20,3.30,34.56,55.44,6.78,4.10,5.30,35.90,134.10,,,,,,
164,0.49,0.28,0.23,750.00,1.00,0.30,1.20,3.40,36.56,50.42,8.50,4.54,5.50,31.00,122.30,,,,,,
165,0.42,0.36,0.22,700.00,1.00,0.30,0.00,3.20,22.30,38.50,29.30,9.90,3.44,24.50,5.90,,,,,,
166,0.42,0.36,0.22,800.00,1.00,0.30,0.00,3.30,22.10,34.10,34.60,9.30,3.69,22.00,2.80,,,,,,
167,0.50,0.30,0.19,600.00,1.00,0.00,1.00,0.63,28.86,22.90,34.97,13.27,13.21,2.70,0.00,,,,,,
168,0.50,0.30,0.19,600.00,1.00,0.00,1.00,0.63,27.65,23.83,34.60,13.92,12.60,3.70,0.00,,,,,,
169,0.50,0.30,0.19,650.00,1.00,0.00,1.00,0.67,32.61,24.44,30.02,12.93,11.27,5.10,0.00,,,,,,
170,0.50,0.30,0.19,650.00,1.00,0.00,1.00,0.73,30.52,25.96,28.27,15.25,6.18,5.20,0.00,,,,,,
171,0.50,0.30,0.19,650.00,1.00,0.00,1.00,0.73,29.66,27.27,26.19,16.88,7.40,7.20,0.00,,,,,,
172,0.50,0.30,0.19,650.00,1.00,0.00,1.00,0.73,29.69,27.87,25.40,17.05,7.63,5.10,0.00,,,,,,
173,0.50,0.30,0.19,710.00,1.00,0.00,2.00,0.69,38.80,25.32,24.45,11.43,7.84,6.10,0.00,,,,,,
174,0.50,0.30,0.19,710.00,1.00,0.00,2.00,0.69,37.49,26.08,23.59,12.83,7.40,5.80,0.00,,,,,,
175,0.50,0.30,0.19,600.00,1.00,0.00,0.33,0.61,24.85,26.73,34.53,13.90,6.48,6.20,0.00,,,,,,
176,0.50,0.30,0.19,600.00,1.00,0.00,0.33,0.63,23.43,27.78,33.93,14.85,5.61,6.40,0.00,,,,,,
177,0.50,0.30,0.19,600.00,1.00,0.00,0.33,0.69,26.54,27.70,27.11,18.64,5.37,6.40,0.00,,,,,,
178,0.50,0.30,0.19,650.00,1.00,0.00,0.33,0.67,30.54,27.32,28.78,13.35,7.39,6.70,0.00,,,,,,
179,0.50,0.30,0.19,650.00,1.00,0.00,0.33,0.67,28.75,28.50,27.02,15.73,10.79,4.80,0.00,,,,,,
180,0.50,0.30,0.19,650.00,1.00,0.00,0.33,0.73,28.82,28.50,25.48,17.20,10.47,4.40,0.00,,,,,,
181,0.50,0.30,0.19,600.00,1.00,0.00,0.50,0.61,27.69,24.00,34.85,13.45,5.30,5.80,0.00,,,,,,
182,0.50,0.30,0.19,600.00,1.00,0.00,0.50,0.61,27.49,24.49,33.94,14.07,5.54,5.40,0.00,,,,,,
183,0.50,0.30,0.19,600.00,1.00,0.00,0.50,0.69,25.97,25.93,31.04,17.07,6.71,5.30,0.00,,,,,,
184,0.50,0.30,0.19,650.00,1.00,0.00,0.50,0.65,31.87,25.44,29.52,13.17,6.36,2.80,0.00,,,,,,
185,0.50,0.30,0.19,650.00,1.00,0.00,0.50,0.65,29.65,27.17,27.62,15.55,6.56,3.00,0.00,,,,,,
186,0.50,0.30,0.19,650.00,1.00,0.00,0.50,0.65,30.40,26.99,25.85,16.76,7.60,3.10,0.00,,,,,,
187,0.50,0.30,0.19,710.00,1.00,0.00,0.60,0.78,37.31,26.86,22.87,12.96,7.88,2.60,0.00,,,,,,
188,0.50,0.30,0.19,710.00,1.00,0.00,0.74,0.77,38.19,26.15,23.98,11.68,13.65,2.90,0.00,,,,,,
189,0.44,0.27,0.30,650.00,1.00,0.00,1.00,0.73,31.25,25.64,26.16,16.95,13.45,3.10,16.80,,,,,,
190,0.44,0.27,0.30,650.00,1.00,0.00,1.00,0.73,32.57,24.13,28.25,15.06,12.71,2.40,28.36,,,,,,
191,0.44,0.27,0.30,650.00,1.00,0.00,1.00,0.73,34.66,22.82,29.40,13.12,11.55,2.30,48.63,,,,,,
192,0.44,0.27,0.30,600.00,1.00,0.00,1.00,0.69,33.04,25.03,28.32,13.61,7.26,2.40,63.32,,,,,,
193,0.44,0.27,0.30,600.00,1.00,0.00,1.00,0.69,31.68,25.90,27.12,15.31,8.02,2.50,36.24,,,,,,
194,0.44,0.27,0.30,710.00,1.00,0.00,2.00,0.77,31.52,25.95,25.56,16.97,8.64,2.60,21.30,,,,,,
195,0.44,0.27,0.30,710.00,1.00,0.00,2.00,0.78,28.26,29.36,24.29,18.09,8.87,3.80,25.69,,,,,,
196,0.44,0.27,0.30,650.00,1.00,0.00,1.00,0.73,28.24,29.85,25.69,16.22,8.15,4.10,40.82,,,,,,
197,0.44,0.27,0.30,650.00,1.00,0.00,1.00,0.73,30.25,28.45,27.19,14.12,6.94,3.40,71.78,,,,,,
198,0.44,0.27,0.30,650.00,1.00,0.00,0.50,0.67,24.15,34.78,26.08,14.99,6.81,3.20,74.36,,,,,,
199,0.44,0.27,0.30,650.00,1.00,0.00,0.50,0.67,24.53,34.59,26.31,14.57,6.56,3.30,85.30,,,,,,
200,0.44,0.27,0.30,650.00,1.00,0.00,0.50,0.67,22.55,35.42,24.16,17.87,8.24,3.60,41.75,,,,,,
201,0.44,0.27,0.30,600.00,1.00,0.00,0.50,0.63,24.59,33.96,22.29,19.15,8.86,4.20,29.43,,,,,,
202,0.44,0.27,0.30,600.00,1.00,0.00,0.50,0.63,27.94,29.82,27.89,14.35,11.57,3.80,47.84,,,,,,
203,0.44,0.27,0.30,600.00,1.00,0.00,0.50,0.63,28.59,29.05,28.58,13.77,11.14,3.40,48.62,,,,,,
204,0.44,0.27,0.30,600.00,1.00,0.00,0.50,0.63,26.96,31.54,27.35,14.15,6.38,3.70,60.62,,,,,,
205,0.44,0.27,0.30,600.00,1.00,0.00,0.50,0.63,26.19,32.56,26.47,14.77,6.71,3.20,55.02,,,,,,
206,0.44,0.27,0.30,650.00,1.00,0.00,0.33,0.65,24.15,33.76,24.54,17.55,8.05,2.70,35.21,,,,,,
207,0.44,0.27,0.30,650.00,1.00,0.00,0.33,0.65,32.05,26.17,25.19,16.58,13.41,2.90,20.00,,,,,,
208,0.44,0.27,0.30,650.00,1.00,0.00,0.33,0.65,37.01,27.44,21.88,13.67,7.59,2.30,18.73,,,,,,
209,0.44,0.27,0.30,600.00,1.00,0.00,0.33,0.61,36.86,27.57,22.94,12.63,7.53,2.40,27.04,,,,,,
210,0.44,0.27,0.30,600.00,1.00,0.00,0.33,0.61,37.61,26.33,23.66,12.39,8.54,2.70,22.73,,,,,,
211,0.44,0.27,0.30,600.00,1.00,0.00,0.33,0.61,37.19,25.97,23.16,13.68,8.70,2.50,15.94,,,,,,
212,0.44,0.27,0.30,710.00,1.00,0.00,0.74,0.71,34.91,28.54,21.88,14.67,7.37,2.40,18.73,,,,,,
213,0.44,0.27,0.30,600.00,1.00,0.00,0.33,0.61,28.75,30.60,23.12,17.53,13.79,2.40,16.80,,,,,,
214,0.44,0.27,0.30,710.00,1.00,0.00,0.60,0.67,21.41,36.99,23.28,18.32,8.24,2.50,35.21,,,,,,
215,0.44,0.27,0.30,710.00,1.00,0.00,0.60,0.67,23.77,35.17,25.41,15.65,6.98,2.50,35.21,,,,,,
216,0.43,0.34,0.23,650.00,1.00,0.00,1.00,0.73,25.20,35.64,20.86,18.30,14.55,3.00,55.02,,,,,,
217,0.43,0.34,0.23,650.00,1.00,0.00,1.00,0.73,23.84,36.04,23.42,16.70,13.91,4.30,28.04,,,,,,
218,0.43,0.34,0.23,650.00,1.00,0.00,1.00,0.73,25.24,35.00,25.38,14.39,12.47,3.40,40.04,,,,,,
219,0.43,0.34,0.23,650.00,1.00,0.00,1.00,0.73,25.13,35.33,21.27,18.26,14.44,3.60,62.28,,,,,,
220,0.43,0.34,0.23,650.00,1.00,0.00,1.00,0.73,25.09,35.63,20.86,18.43,8.64,2.60,24.04,,,,,,
221,0.43,0.34,0.23,600.00,1.00,0.00,1.00,0.69,23.83,36.36,22.88,16.93,8.02,3.10,33.11,,,,,,
222,0.43,0.34,0.23,600.00,1.00,0.00,1.00,0.68,25.42,35.42,20.99,18.18,8.69,3.50,46.79,,,,,,
223,0.43,0.34,0.23,650.00,1.00,0.00,1.00,0.73,25.31,35.19,24.96,14.54,7.04,3.10,33.11,,,,,,
224,0.43,0.34,0.23,650.00,1.00,0.00,0.50,0.67,24.02,35.84,25.37,14.77,6.97,4.30,63.08,,,,,,
225,0.43,0.34,0.23,650.00,1.00,0.00,0.50,0.67,23.51,35.84,23.77,16.89,7.98,5.00,70.27,,,,,,
226,0.43,0.34,0.23,650.00,1.00,0.00,0.50,0.67,24.96,34.84,21.79,18.40,8.50,4.40,45.48,,,,,,
227,0.43,0.34,0.23,650.00,1.00,0.00,0.50,0.67,22.66,36.18,21.99,19.17,8.41,4.60,30.75,,,,,,
228,0.43,0.34,0.23,650.00,1.00,0.00,0.50,0.67,19.71,37.92,24.49,17.88,7.74,4.50,33.09,,,,,,
229,0.43,0.34,0.23,600.00,1.00,0.00,0.50,0.63,20.85,36.57,27.60,14.98,6.32,4.80,46.24,,,,,,
230,0.43,0.34,0.23,600.00,1.00,0.00,0.50,0.63,21.30,36.04,28.36,14.30,5.99,4.80,77.62,,,,,,
231,0.43,0.34,0.23,600.00,1.00,0.00,0.50,0.63,23.28,33.54,29.31,13.87,11.55,5.60,79.76,,,,,,
232,0.43,0.34,0.23,650.00,1.00,0.00,0.33,0.65,22.09,34.98,28.36,14.57,12.07,4.40,58.97,,,,,,
233,0.43,0.34,0.23,650.00,1.00,0.00,0.33,0.65,20.85,36.67,27.68,14.80,6.24,4.60,53.74,,,,,,
234,0.43,0.34,0.23,650.00,1.00,0.00,0.33,0.65,21.27,35.89,28.61,14.23,5.91,4.30,67.45,,,,,,
235,0.43,0.34,0.23,600.00,1.00,0.00,0.33,0.61,19.47,38.20,24.57,17.77,7.67,4.30,71.54,,,,,,
236,0.43,0.34,0.23,600.00,1.00,0.00,0.33,0.61,27.55,32.01,23.28,17.16,14.20,4.40,40.19,,,,,,
237,0.43,0.34,0.23,600.00,1.00,0.00,0.33,0.61,33.35,29.96,21.94,14.75,6.59,3.50,26.73,,,,,,
238,0.43,0.34,0.23,600.00,1.00,0.00,0.33,0.61,33.02,30.36,23.16,13.46,6.66,2.50,18.56,,,,,,
239,0.43,0.34,0.23,710.00,1.00,0.00,0.60,0.67,33.03,30.14,23.44,13.39,7.82,2.60,27.79,,,,,,
240,0.43,0.34,0.23,710.00,1.00,0.00,0.74,0.71,33.11,29.96,22.31,14.62,8.18,2.50,26.31,,,,,,
241,0.43,0.34,0.23,710.00,1.00,0.00,2.00,0.77,32.65,30.58,23.25,13.52,7.89,2.50,16.61,,,,,,
242,0.43,0.34,0.23,710.00,1.00,0.00,2.00,0.78,26.41,32.98,22.78,17.83,8.18,2.50,26.31,,,,,,
243,0.43,0.34,0.23,710.00,1.00,0.00,2.00,0.78,27.88,30.60,27.60,13.91,12.21,3.20,33.11,,,,,,
244,0.45,0.35,0.20,650.00,1.00,0.00,1.00,0.73,27.83,30.19,24.10,17.88,13.48,3.60,62.28,,,,,,
245,0.45,0.35,0.20,650.00,1.00,0.00,1.00,0.73,25.93,32.86,22.96,18.25,13.15,3.80,21.67,,,,,,
246,0.45,0.35,0.20,650.00,1.00,0.00,1.00,0.73,27.56,29.84,26.23,16.37,12.91,4.60,19.87,,,,,,
247,0.45,0.35,0.20,600.00,1.00,0.00,1.00,0.69,29.49,28.27,28.08,14.16,11.69,4.90,31.41,,,,,,
248,0.45,0.35,0.20,600.00,1.00,0.00,1.00,0.69,16.85,34.25,32.12,16.79,11.39,5.00,49.57,,,,,,
249,0.45,0.35,0.20,710.00,1.00,0.00,2.00,0.78,16.83,33.68,33.49,16.00,10.80,5.00,47.03,,,,,,
250,0.45,0.35,0.20,710.00,1.00,0.00,2.00,0.77,27.67,35.79,21.41,15.13,7.38,4.50,48.10,,,,,,
251,0.45,0.35,0.20,650.00,1.00,0.00,1.00,0.73,29.52,34.27,20.31,15.91,7.62,3.30,23.35,,,,,,
252,0.45,0.35,0.20,650.00,1.00,0.00,0.50,0.67,28.49,29.33,27.67,14.51,6.43,2.70,17.08,,,,,,
253,0.45,0.35,0.20,650.00,1.00,0.00,0.50,0.67,27.12,30.41,25.91,16.57,7.25,6.00,50.07,,,,,,
254,0.45,0.35,0.20,650.00,1.00,0.00,0.50,0.66,27.91,30.43,23.69,17.97,7.85,5.70,37.21,,,,,,
255,0.45,0.35,0.20,600.00,1.00,0.00,0.50,0.63,16.36,33.40,34.09,16.16,4.86,6.60,24.48,,,,,,
256,0.45,0.35,0.20,600.00,1.00,0.00,0.50,0.63,16.28,33.97,32.81,16.94,5.20,6.10,58.29,,,,,,
257,0.45,0.35,0.20,600.00,1.00,0.00,0.50,0.63,16.94,34.76,28.63,19.67,6.54,6.20,55.79,,,,,,
258,0.45,0.35,0.20,650.00,1.00,0.00,0.33,0.65,26.10,31.69,23.68,18.53,7.76,6.50,35.12,,,,,,
259,0.45,0.35,0.20,650.00,1.00,0.00,0.33,0.65,23.35,33.55,25.54,17.55,7.18,7.30,44.11,,,,,,
260,0.45,0.35,0.20,650.00,1.00,0.00,0.33,0.65,24.16,33.52,26.77,15.56,6.43,7.70,28.60,,,,,,
261,0.45,0.35,0.20,600.00,1.00,0.00,0.33,0.61,13.29,36.62,32.69,17.40,5.47,7.40,59.39,,,,,,
262,0.45,0.35,0.20,600.00,1.00,0.00,0.33,0.61,16.28,34.14,33.10,16.48,5.24,7.30,70.23,,,,,,
263,0.45,0.35,0.20,600.00,1.00,0.00,0.33,0.61,16.56,35.56,28.01,19.86,6.96,5.00,71.46,,,,,,
264,0.45,0.35,0.20,710.00,1.00,0.00,0.74,0.71,27.61,35.84,21.34,15.20,6.07,7.10,42.54,,,,,,
265,0.45,0.35,0.20,600.00,1.00,0.00,0.33,0.61,22.49,32.86,24.53,20.12,7.54,3.10,25.16,,,,,,
266,0.45,0.35,0.20,710.00,1.00,0.00,0.60,0.67,29.52,34.17,20.20,16.11,6.07,6.90,31.79,,,,,,
267,0.57,0.28,0.16,750.00,1.00,0.30,0.00,1.10,26.80,29.40,35.10,8.60,3.65,19.90,9.50,,,,,,
268,0.57,0.28,0.16,800.00,1.00,0.30,0.00,1.50,28.60,33.10,29.90,8.20,4.20,11.50,2.60,,,,,,
269,0.57,0.28,0.16,800.00,1.00,0.30,0.00,1.50,29.20,33.20,31.50,6.20,4.30,11.80,1.90,,,,,,
270,0.57,0.28,0.16,750.00,1.00,0.30,0.00,1.10,25.00,31.40,34.20,9.40,3.40,32.80,10.80,,,,,,
271,0.44,0.31,0.25,750.00,1.00,0.30,0.00,1.64,23.60,29.50,34.80,8.50,3.30,22.00,5.30,,,,,,
272,0.44,0.31,0.25,800.00,1.00,0.30,0.00,2.15,25.50,35.10,30.30,7.80,3.70,17.00,2.20,,,,,,
273,0.44,0.31,0.25,800.00,1.00,0.30,0.00,2.15,27.10,33.70,31.40,7.70,3.90,14.00,1.75,,,,,,
274,0.44,0.31,0.25,750.00,1.00,0.30,0.00,1.64,21.80,31.70,36.00,7.80,3.20,22.00,6.80,,,,,,
275,0.44,0.31,0.25,800.00,1.00,0.30,0.00,2.15,23.40,33.70,35.20,7.70,3.70,16.00,3.00,,,,,,
276,0.49,0.32,0.19,872.00,1.00,0.23,0.00,0.04,9.55,44.61,40.76,5.08,3.45,0.20,0.00,,,,,,
277,0.49,0.32,0.19,872.00,1.00,0.23,0.00,0.04,8.21,43.46,42.95,5.38,3.19,0.11,0.00,,,,,,
278,0.49,0.32,0.19,876.00,1.00,0.30,0.00,0.05,9.60,41.30,43.40,5.70,3.42,0.00,59.40,,,,,,
279,0.49,0.32,0.19,874.00,1.00,0.30,0.00,0.05,10.97,43.37,39.37,6.29,4.16,0.05,45.30,,,,,,
280,0.49,0.32,0.19,868.00,1.00,0.30,0.00,0.05,9.56,43.39,41.74,5.31,3.76,0.17,54.50,,,,,,
281,0.49,0.32,0.19,874.00,1.00,0.35,0.00,0.06,10.73,39.97,41.84,7.46,4.12,0.17,37.90,,,,,,
282,0.49,0.32,0.19,874.00,1.00,0.35,0.00,0.06,10.37,40.46,41.99,7.18,3.27,0.17,31.70,,,,,,
283,0.45,0.35,0.20,869.20,1.00,0.20,0.00,0.05,12.31,40.82,39.94,6.93,3.92,0.12,37.30,,,,,,
284,0.45,0.35,0.20,870.10,1.00,0.20,0.00,0.05,11.19,46.20,37.00,5.62,4.09,0.09,43.40,,,,,,
285,0.45,0.35,0.20,872.00,1.00,0.25,0.00,0.05,12.74,29.04,48.60,9.62,3.17,0.02,97.10,,,,,,
286,0.45,0.35,0.20,872.00,1.00,0.25,0.00,0.05,10.24,38.95,44.51,6.29,3.46,0.03,94.30,,,,,,
287,0.45,0.35,0.20,873.00,1.00,0.30,0.00,0.05,10.03,37.86,43.76,8.34,4.26,0.06,58.20,,,,,,
288,0.45,0.35,0.20,872.00,1.00,0.30,0.00,0.05,10.43,35.78,45.71,8.08,3.96,0.03,59.20,,,,,,
289,0.45,0.35,0.20,873.00,1.00,0.35,0.00,0.06,8.67,34.11,49.55,7.68,3.52,3.57,72.70,,,,,,
290,0.45,0.35,0.20,873.80,1.00,0.35,0.00,0.06,8.76,32.21,52.98,6.05,3.29,4.09,69.50,,,,,,
291,0.55,0.16,0.29,820.00,1.00,0.24,0.00,0.54,24.39,40.97,24.95,9.68,7.00,1.97,0.05,,,,,,
292,0.55,0.16,0.29,800.00,1.00,0.26,0.00,0.55,26.99,38.06,24.66,10.29,6.70,9.51,0.10,,,,,,
293,0.55,0.16,0.29,790.00,1.00,0.21,0.00,0.42,30.15,34.67,25.87,9.31,6.70,10.98,0.28,,,,,,
294,0.55,0.16,0.29,820.00,1.00,0.28,0.00,0.56,26.46,36.77,28.21,8.56,6.10,9.95,0.01,,,,,,
295,0.55,0.16,0.29,800.00,1.00,0.19,0.00,0.36,27.19,37.02,27.19,8.60,7.00,13.41,0.03,,,,,,
296,0.55,0.16,0.29,800.00,1.00,0.19,0.00,0.37,24.63,41.36,24.63,9.38,7.10,13.99,0.02,,,,,,
297,0.55,0.16,0.29,810.00,1.00,0.20,0.00,0.36,26.40,40.51,24.59,8.50,6.90,14.95,0.01,,,,,,
298,0.55,0.16,0.29,820.00,1.00,0.22,0.00,0.47,23.81,41.52,26.29,8.38,6.50,11.65,0.07,,,,,,
299,0.55,0.16,0.29,820.00,1.00,0.27,0.00,0.46,24.57,37.90,28.19,9.33,6.00,4.60,0.01,,,,,,
300,0.55,0.16,0.29,820.00,1.00,0.29,0.00,0.48,21.21,39.39,29.70,9.70,7.30,16.74,0.03,,,,,,
301,0.55,0.16,0.29,840.00,1.00,0.35,0.00,0.55,26.42,34.38,30.40,8.81,6.70,1.89,0.06,,,,,,
302,0.55,0.16,0.29,800.00,1.00,0.24,0.00,0.42,29.51,37.78,22.18,10.53,7.00,1.73,0.00,,,,,,
303,0.55,0.16,0.29,830.00,1.00,0.24,0.00,0.39,26.86,34.86,29.33,8.95,7.40,18.10,0.27,,,,,,
304,0.55,0.16,0.29,830.00,1.00,0.24,0.00,0.39,31.99,37.96,22.85,7.21,3.90,24.05,0.00,,,,,,
305,0.55,0.16,0.29,840.00,1.00,0.24,0.00,0.46,27.44,36.10,23.39,13.08,7.40,35.65,0.19,,,,,,
306,0.55,0.16,0.29,840.00,1.00,0.24,0.00,0.46,31.80,40.46,18.73,9.01,6.90,39.33,0.00,,,,,,
307,0.55,0.16,0.29,840.00,1.00,0.24,0.00,0.46,27.44,36.10,23.39,13.08,6.90,39.33,0.00,,,,,,
308,0.55,0.16,0.29,840.00,1.00,0.24,0.00,0.46,31.80,40.46,18.73,9.01,6.90,39.33,0.00,,,,,,
309,0.49,0.32,0.19,823.00,2.00,0.76,0.60,2.70,38.32,22.06,36.98,2.64,5.09,1.00,5.31,,,,,,
310,0.51,0.21,0.28,840.00,2.00,0.86,0.70,2.70,37.73,21.17,38.17,2.93,4.31,1.60,5.74,,,,,,
311,0.51,0.21,0.28,857.00,2.00,0.82,0.70,2.70,38.14,21.64,38.14,2.09,4.07,1.40,4.80,,,,,,
312,0.51,0.21,0.28,853.00,2.00,0.72,0.60,2.80,40.18,23.59,34.92,1.31,4.52,1.20,5.03,,,,,,
313,0.49,0.24,0.28,750.00,1.00,0.00,0.83,0.17,42.94,24.89,23.21,8.97,6.15,1.20,4.40,,,,,,
314,0.49,0.24,0.28,750.00,1.00,0.00,1.00,0.21,46.02,22.23,23.56,8.19,5.88,1.20,5.07,,,,,,
315,0.49,0.24,0.28,750.00,1.00,0.00,1.20,0.19,48.79,19.71,24.23,7.27,5.44,1.20,3.66,,,,,,
316,0.49,0.24,0.28,800.00,1.00,0.00,0.83,0.19,45.77,24.26,21.30,8.67,6.50,1.20,4.20,,,,,,
317,0.49,0.24,0.28,800.00,1.00,0.00,1.00,0.23,46.39,23.19,21.77,8.64,6.38,1.20,4.02,,,,,,
318,0.49,0.24,0.28,800.00,1.00,0.00,1.20,0.21,50.54,18.83,23.27,7.36,5.65,1.30,2.85,,,,,,
319,0.49,0.24,0.28,840.00,1.00,0.00,0.83,0.21,49.25,22.69,20.65,7.42,6.42,1.30,3.52,,,,,,
320,0.49,0.24,0.28,840.00,1.00,0.00,1.00,0.24,49.25,22.81,20.56,7.39,6.48,1.30,3.15,,,,,,
321,0.49,0.24,0.28,840.00,1.00,0.00,1.20,0.22,51.61,21.31,20.77,6.32,6.08,1.30,1.99,,,,,,
322,0.49,0.24,0.28,750.00,2.50,0.00,0.84,0.14,46.59,15.38,27.63,10.40,5.46,1.40,6.48,,,,,,
323,0.49,0.24,0.28,750.00,2.50,0.00,1.20,0.17,48.70,12.77,28.79,9.74,4.97,1.40,5.65,,,,,,
324,0.49,0.24,0.28,790.00,2.50,0.00,0.84,0.15,46.78,19.74,23.71,9.76,6.27,1.40,5.09,,,,,,
325,0.49,0.24,0.28,790.00,2.50,0.00,1.20,0.19,49.52,18.13,23.86,8.48,5.95,1.40,2.67,,,,,,
326,0.32,0.19,0.49,835.00,1.00,0.28,1.00,3.10,22.85,35.32,32.49,9.33,5.73,14.50,8.30,,,,,,
327,0.55,0.16,0.29,821.00,1.00,0.26,1.40,3.10,23.57,34.12,33.05,9.26,4.72,21.83,10.10,,,,,,
328,0.50,0.25,0.25,831.00,1.00,0.24,0.85,3.10,23.90,32.91,33.23,9.96,5.68,10.41,11.40,,,,,,
329,0.50,0.25,0.25,836.00,1.00,0.36,1.40,2.80,37.13,13.13,44.05,5.69,2.43,12.29,2.20,,,,,,
330,0.45,0.33,0.22,831.00,1.00,0.35,1.50,2.80,33.40,13.26,47.29,6.05,2.71,21.45,3.70,,,,,,
331,0.55,0.16,0.29,827.00,1.00,0.34,1.20,3.90,22.67,30.70,38.07,8.56,4.51,28.32,12.60,,,,,,
332,0.55,0.16,0.29,830.00,1.00,0.32,1.10,3.70,20.68,32.09,38.38,8.85,4.71,26.50,12.80,,,,,,
333,0.50,0.25,0.25,837.00,1.00,0.38,1.50,3.70,22.26,31.78,37.16,8.80,4.97,34.60,11.30,,,,,,
334,0.55,0.16,0.29,750.00,1.10,0.00,0.75,0.25,5.40,42.69,44.49,7.43,13.40,8.00,2.00,,,,,,
335,0.55,0.16,0.29,750.00,1.10,0.00,0.82,0.25,6.00,31.92,56.51,5.57,11.50,8.00,1.20,,,,,,
336,0.55,0.16,0.29,750.00,1.10,0.00,0.79,0.25,7.02,35.53,49.90,7.54,12.30,8.00,1.30,,,,,,
,,,,,,,,,,,,,,,,,,,,,
,,,,,,,,,,,,,,,,,,,,,
,,,,,,,,,,,,,,,,,,,,,
,,,,,,,,,,,,,,,,,,,,,
,,,,,,,,,,,,,,,,,,,,,
,,,,,,,,,,,,,,,,,,,,,
,,,,,,,,,,,,,,,,,,,,,
,,,,,,,,,,,,,,,,,,,,,
,,,,,,,,,,,,,,,,,,,,,
,,,,,,,,,,,,,,,,,,,,,
,,,,,,,,,,,,,,,,,,,,,
,,,,,,,,,,,,,,,,,,,,,
,,,,,,,,,,,,,,,,,,,,,
,,,,,,,,,,,,,,,,,,,,,
,,,,,,,,,,,,,,,,,,,,,
,,,,,,,,,,,,,,,,,,,,,
,,,,,,,,,,,,,,,,,,,,,
,,,,,,,,,,,,,,,,,,,,,
,,,,,,,,,,,,,,,,,,,,,
,,,,,,,,,,,,,,,,,,,,,
,,,,,,,,,,,,,,,,,,,,,
,,,,,,,,,,,,,,,,,,,,,
,,,,,,,,,,,,,,,,,,,,,
,,,,,,,,,,,,,,,,,,,,,
,,,,,,,,,,,,,,,,,,,,,
,,,,,,,,,,,,,,,,,,,,,
,,,,,,,,,,,,,,,,,,,,,
,,,,,,,,,,,,,,,,,,,,,
,,,,,,,,,,,,,,,,,,,,,
,,,,,,,,,,,,,,,,,,,,,
,,,,,,,,,,,,,,,,,,,,,
,,,,,,,,,,,,,,,,,,,,,
,,,,,,,,,,,,,,,,,,,,,
,,,,,,,,,,,,,,,,,,,,,
,,,,,,,,,,,,,,,,,,,,,
,,,,,,,,,,,,,,,,,,,,,
,,,,,,,,,,,,,,,,,,,,,
,,,,,,,,,,,,,,,,,,,,,
,,,,,,,,,,,,,,,,,,,,,
,,,,,,,,,,,,,,,,,,,,,
,,,,,,,,,,,,,,,,,,,,,
,,,,,,,,,,,,,,,,,,,,,
,,,,,,,,,,,,,,,,,,,,,
,,,,,,,,,,,,,,,,,,,,,
,,,,,,,,,,,,,,,,,,,,,
,,,,,,,,,,,,,,,,,,,,,
,,,,,,,,,,,,,,,,,,,,,
,,,,,,,,,,,,,,,,,,,,,
,,,,,,,,,,,,,,,,,,,,,
,,,,,,,,,,,,,,,,,,,,,
,,,,,,,,,,,,,,,,,,,,,
,,,,,,,,,,,,,,,,,,,,,
,,,,,,,,,,,,,,,,,,,,,
,,,,,,,,,,,,,,,,,,,,,
,,,,,,,,,,,,,,,,,,,,,
,,,,,,,,,,,,,,,,,,,,,
,,,,,,,,,,,,,,,,,,,,,
,,,,,,,,,,,,,,,,,,,,,
,,,,,,,,,,,,,,,,,,,,,
,,,,,,,,,,,,,,,,,,,,,
,,,,,,,,,,,,,,,,,,,,,
,,,,,,,,,,,,,,,,,,,,,
,,,,,,,,,,,,,,,,,,,,,
,,,,,,,,,,,,,,,,,,,,,
,,,,,,,,,,,,,,,,,,,,,
,,,,,,,,,,,,,,,,,,,,,
,,,,,,,,,,,,,,,,,,,,,
,,,,,,,,,,,,,,,,,,,,,
,,,,,,,,,,,,,,,,,,,,,
,,,,,,,,,,,,,,,,,,,,,
,,,,,,,,,,,,,,,,,,,,,
,,,,,,,,,,,,,,,,,,,,,
,,,,,,,,,,,,,,,,,,,,,
,,,,,,,,,,,,,,,,,,,,,
,,,,,,,,,,,,,,,,,,,,,
,,,,,,,,,,,,,,,,,,,,,
,,,,,,,,,,,,,,,,,,,,,
,,,,,,,,,,,,,,,,,,,,,
,,,,,,,,,,,,,,,,,,,,,
,,,,,,,,,,,,,,,,,,,,,
,,,,,,,,,,,,,,,,,,,,,
,,,,,,,,,,,,,,,,,,,,,
,,,,,,,,,,,,,,,,,,,,,
,,,,,,,,,,,,,,,,,,,,,
,,,,,,,,,,,,,,,,,,,,,
,,,,,,,,,,,,,,,,,,,,,
,,,,,,,,,,,,,,,,,,,,,
,,,,,,,,,,,,,,,,,,,,,
,,,,,,,,,,,,,,,,,,,,,
,,,,,,,,,,,,,,,,,,,,,
,,,,,,,,,,,,,,,,,,,,,
,,,,,,,,,,,,,,,,,,,,,
,,,,,,,,,,,,,,,,,,,,,
,,,,,,,,,,,,,,,,,,,,,
,,,,,,,,,,,,,,,,,,,,,
,,,,,,,,,,,,,,,,,,,,,
,,,,,,,,,,,,,,,,,,,,,
,,,,,,,,,,,,,,,,,,,,,
,,,,,,,,,,,,,,,,,,,,,
,,,,,,,,,,,,,,,,,,,,,
,,,,,,,,,,,,,,,,,,,,,
,,,,,,,,,,,,,,,,,,,,,
,,,,,,,,,,,,,,,,,,,,,
,,,,,,,,,,,,,,,,,,,,,
,,,,,,,,,,,,,,,,,,,,,
,,,,,,,,,,,,,,,,,,,,,
,,,,,,,,,,,,,,,,,,,,,
,,,,,,,,,,,,,,,,,,,,,
,,,,,,,,,,,,,,,,,,,,,
,,,,,,,,,,,,,,,,,,,,,
,,,,,,,,,,,,,,,,,,,,,
,,,,,,,,,,,,,,,,,,,,,
,,,,,,,,,,,,,,,,,,,,,
,,,,,,,,,,,,,,,,,,,,,
,,,,,,,,,,,,,,,,,,,,,
,,,,,,,,,,,,,,,,,,,,,
,,,,,,,,,,,,,,,,,,,,,
,,,,,,,,,,,,,,,,,,,,,
,,,,,,,,,,,,,,,,,,,,,
,,,,,,,,,,,,,,,,,,,,,
,,,,,,,,,,,,,,,,,,,,,
,,,,,,,,,,,,,,,,,,,,,
,,,,,,,,,,,,,,,,,,,,,
,,,,,,,,,,,,,,,,,,,,,
,,,,,,,,,,,,,,,,,,,,,
,,,,,,,,,,,,,,,,,,,,,
,,,,,,,,,,,,,,,,,,,,,
,,,,,,,,,,,,,,,,,,,,,
,,,,,,,,,,,,,,,,,,,,,
,,,,,,,,,,,,,,,,,,,,,
,,,,,,,,,,,,,,,,,,,,,
,,,,,,,,,,,,,,,,,,,,,
,,,,,,,,,,,,,,,,,,,,,
,,,,,,,,,,,,,,,,,,,,,
,,,,,,,,,,,,,,,,,,,,,
,,,,,,,,,,,,,,,,,,,,,
,,,,,,,,,,,,,,,,,,,,,
,,,,,,,,,,,,,,,,,,,,,
,,,,,,,,,,,,,,,,,,,,,
,,,,,,,,,,,,,,,,,,,,,
,,,,,,,,,,,,,,,,,,,,,
,,,,,,,,,,,,,,,,,,,,,
,,,,,,,,,,,,,,,,,,,,,
,,,,,,,,,,,,,,,,,,,,,
,,,,,,,,,,,,,,,,,,,,,
,,,,,,,,,,,,,,,,,,,,,
,,,,,,,,,,,,,,,,,,,,,
,,,,,,,,,,,,,,,,,,,,,
,,,,,,,,,,,,,,,,,,,,,
,,,,,,,,,,,,,,,,,,,,,
,,,,,,,,,,,,,,,,,,,,,
,,,,,,,,,,,,,,,,,,,,,
,,,,,,,,,,,,,,,,,,,,,
,,,,,,,,,,,,,,,,,,,,,
,,,,,,,,,,,,,,,,,,,,,
,,,,,,,,,,,,,,,,,,,,,
,,,,,,,,,,,,,,,,,,,,,
,,,,,,,,,,,,,,,,,,,,,
,,,,,,,,,,,,,,,,,,,,,
,,,,,,,,,,,,,,,,,,,,,
,,,,,,,,,,,,,,,,,,,,,
,,,,,,,,,,,,,,,,,,,,,
,,,,,,,,,,,,,,,,,,,,,
,,,,,,,,,,,,,,,,,,,,,
,,,,,,,,,,,,,,,,,,,,,
,,,,,,,,,,,,,,,,,,,,,
,,,,,,,,,,,,,,,,,,,,,
,,,,,,,,,,,,,,,,,,,,,
,,,,,,,,,,,,,,,,,,,,,
,,,,,,,,,,,,,,,,,,,,,
,,,,,,,,,,,,,,,,,,,,,
,,,,,,,,,,,,,,,,,,,,,
,,,,,,,,,,,,,,,,,,,,,
,,,,,,,,,,,,,,,,,,,,,
,,,,,,,,,,,,,,,,,,,,,
,,,,,,,,,,,,,,,,,,,,,
,,,,,,,,,,,,,,,,,,,,,
,,,,,,,,,,,,,,,,,,,,,
,,,,,,,,,,,,,,,,,,,,,
,,,,,,,,,,,,,,,,,,,,,
,,,,,,,,,,,,,,,,,,,,,
,,,,,,,,,,,,,,,,,,,,,
,,,,,,,,,,,,,,,,,,,,,
,,,,,,,,,,,,,,,,,,,,,
,,,,,,,,,,,,,,,,,,,,,
,,,,,,,,,,,,,,,,,,,,,
,,,,,,,,,,,,,,,,,,,,,
,,,,,,,,,,,,,,,,,,,,,
,,,,,,,,,,,,,,,,,,,,,
,,,,,,,,,,,,,,,,,,,,,
,,,,,,,,,,,,,,,,,,,,,
,,,,,,,,,,,,,,,,,,,,,
,,,,,,,,,,,,,,,,,,,,,
,,,,,,,,,,,,,,,,,,,,,
,,,,,,,,,,,,,,,,,,,,,
,,,,,,,,,,,,,,,,,,,,,
,,,,,,,,,,,,,,,,,,,,,
,,,,,,,,,,,,,,,,,,,,,
,,,,,,,,,,,,,,,,,,,,,
,,,,,,,,,,,,,,,,,,,,,
,,,,,,,,,,,,,,,,,,,,,
,,,,,,,,,,,,,,,,,,,,,
,,,,,,,,,,,,,,,,,,,,,
,,,,,,,,,,,,,,,,,,,,,
,,,,,,,,,,,,,,,,,,,,,
,,,,,,,,,,,,,,,,,,,,,
,,,,,,,,,,,,,,,,,,,,,
,,,,,,,,,,,,,,,,,,,,,
,,,,,,,,,,,,,,,,,,,,,
,,,,,,,,,,,,,,,,,,,,,
,,,,,,,,,,,,,,,,,,,,,
,,,,,,,,,,,,,,,,,,,,,
,,,,,,,,,,,,,,,,,,,,,
,,,,,,,,,,,,,,,,,,,,,
,,,,,,,,,,,,,,,,,,,,,
,,,,,,,,,,,,,,,,,,,,,
,,,,,,,,,,,,,,,,,,,,,
,,,,,,,,,,,,,,,,,,,,,
,,,,,,,,,,,,,,,,,,,,,
,,,,,,,,,,,,,,,,,,,,,
,,,,,,,,,,,,,,,,,,,,,
,,,,,,,,,,,,,,,,,,,,,
,,,,,,,,,,,,,,,,,,,,,
,,,,,,,,,,,,,,,,,,,,,
,,,,,,,,,,,,,,,,,,,,,
,,,,,,,,,,,,,,,,,,,,,
,,,,,,,,,,,,,,,,,,,,,
,,,,,,,,,,,,,,,,,,,,,
,,,,,,,,,,,,,,,,,,,,,
,,,,,,,,,,,,,,,,,,,,,
,,,,,,,,,,,,,,,,,,,,,
,,,,,,,,,,,,,,,,,,,,,
,,,,,,,,,,,,,,,,,,,,,
,,,,,,,,,,,,,,,,,,,,,
,,,,,,,,,,,,,,,,,,,,,
,,,,,,,,,,,,,,,,,,,,,
,,,,,,,,,,,,,,,,,,,,,
,,,,,,,,,,,,,,,,,,,,,
,,,,,,,,,,,,,,,,,,,,,
,,,,,,,,,,,,,,,,,,,,,
,,,,,,,,,,,,,,,,,,,,,
,,,,,,,,,,,,,,,,,,,,,
,,,,,,,,,,,,,,,,,,,,,
,,,,,,,,,,,,,,,,,,,,,
,,,,,,,,,,,,,,,,,,,,,
,,,,,,,,,,,,,,,,,,,,,
,,,,,,,,,,,,,,,,,,,,,
,,,,,,,,,,,,,,,,,,,,,
,,,,,,,,,,,,,,,,,,,,,
,,,,,,,,,,,,,,,,,,,,,
,,,,,,,,,,,,,,,,,,,,,
,,,,,,,,,,,,,,,,,,,,,
,,,,,,,,,,,,,,,,,,,,,
,,,,,,,,,,,,,,,,,,,,,
,,,,,,,,,,,,,,,,,,,,,
,,,,,,,,,,,,,,,,,,,,,
,,,,,,,,,,,,,,,,,,,,,
,,,,,,,,,,,,,,,,,,,,,
,,,,,,,,,,,,,,,,,,,,,
,,,,,,,,,,,,,,,,,,,,,
,,,,,,,,,,,,,,,,,,,,,
,,,,,,,,,,,,,,,,,,,,,
,,,,,,,,,,,,,,,,,,,,,
,,,,,,,,,,,,,,,,,,,,,
,,,,,,,,,,,,,,,,,,,,,
,,,,,,,,,,,,,,,,,,,,,
,,,,,,,,,,,,,,,,,,,,,
,,,,,,,,,,,,,,,,,,,,,
,,,,,,,,,,,,,,,,,,,,,
,,,,,,,,,,,,,,,,,,,,,
,,,,,,,,,,,,,,,,,,,,,
,,,,,,,,,,,,,,,,,,,,,
,,,,,,,,,,,,,,,,,,,,,
,,,,,,,,,,,,,,,,,,,,,
,,,,,,,,,,,,,,,,,,,,,
,,,,,,,,,,,,,,,,,,,,,
,,,,,,,,,,,,,,,,,,,,,
,,,,,,,,,,,,,,,,,,,,,
,,,,,,,,,,,,,,,,,,,,,
,,,,,,,,,,,,,,,,,,,,,
,,,,,,,,,,,,,,,,,,,,,
,,,,,,,,,,,,,,,,,,,,,
,,,,,,,,,,,,,,,,,,,,,
,,,,,,,,,,,,,,,,,,,,,
,,,,,,,,,,,,,,,,,,,,,
,,,,,,,,,,,,,,,,,,,,,
,,,,,,,,,,,,,,,,,,,,,
,,,,,,,,,,,,,,,,,,,,,
,,,,,,,,,,,,,,,,,,,,,
,,,,,,,,,,,,,,,,,,,,,
,,,,,,,,,,,,,,,,,,,,,
,,,,,,,,,,,,,,,,,,,,,
,,,,,,,,,,,,,,,,,,,,,
,,,,,,,,,,,,,,,,,,,,,
,,,,,,,,,,,,,,,,,,,,,
,,,,,,,,,,,,,,,,,,,,,
,,,,,,,,,,,,,,,,,,,,,
,,,,,,,,,,,,,,,,,,,,,
,,,,,,,,,,,,,,,,,,,,,
,,,,,,,,,,,,,,,,,,,,,
,,,,,,,,,,,,,,,,,,,,,
,,,,,,,,,,,,,,,,,,,,,
,,,,,,,,,,,,,,,,,,,,,
,,,,,,,,,,,,,,,,,,,,,
,,,,,,,,,,,,,,,,,,,,,
,,,,,,,,,,,,,,,,,,,,,
,,,,,,,,,,,,,,,,,,,,,
,,,,,,,,,,,,,,,,,,,,,
,,,,,,,,,,,,,,,,,,,,,
,,,,,,,,,,,,,,,,,,,,,
,,,,,,,,,,,,,,,,,,,,,
,,,,,,,,,,,,,,,,,,,,,
,,,,,,,,,,,,,,,,,,,,,
,,,,,,,,,,,,,,,,,,,,,
,,,,,,,,,,,,,,,,,,,,,
,,,,,,,,,,,,,,,,,,,,,
,,,,,,,,,,,,,,,,,,,,,
,,,,,,,,,,,,,,,,,,,,,
,,,,,,,,,,,,,,,,,,,,,
,,,,,,,,,,,,,,,,,,,,,
,,,,,,,,,,,,,,,,,,,,,
,,,,,,,,,,,,,,,,,,,,,
,,,,,,,,,,,,,,,,,,,,,
,,,,,,,,,,,,,,,,,,,,,
,,,,,,,,,,,,,,,,,,,,,
,,,,,,,,,,,,,,,,,,,,,
,,,,,,,,,,,,,,,,,,,,,
,,,,,,,,,,,,,,,,,,,,,
,,,,,,,,,,,,,,,,,,,,,
,,,,,,,,,,,,,,,,,,,,,
,,,,,,,,,,,,,,,,,,,,,
,,,,,,,,,,,,,,,,,,,,,
,,,,,,,,,,,,,,,,,,,,,
,,,,,,,,,,,,,,,,,,,,,
,,,,,,,,,,,,,,,,,,,,,
,,,,,,,,,,,,,,,,,,,,,
,,,,,,,,,,,,,,,,,,,,,
,,,,,,,,,,,,,,,,,,,,,
,,,,,,,,,,,,,,,,,,,,,
,,,,,,,,,,,,,,,,,,,,,
,,,,,,,,,,,,,,,,,,,,,
,,,,,,,,,,,,,,,,,,,,,
,,,,,,,,,,,,,,,,,,,,,
,,,,,,,,,,,,,,,,,,,,,
,,,,,,,,,,,,,,,,,,,,,
,,,,,,,,,,,,,,,,,,,,,
,,,,,,,,,,,,,,,,,,,,,
,,,,,,,,,,,,,,,,,,,,,
,,,,,,,,,,,,,,,,,,,,,
,,,,,,,,,,,,,,,,,,,,,
,,,,,,,,,,,,,,,,,,,,,
,,,,,,,,,,,,,,,,,,,,,
,,,,,,,,,,,,,,,,,,,,,
,,,,,,,,,,,,,,,,,,,,,
,,,,,,,,,,,,,,,,,,,,,
,,,,,,,,,,,,,,,,,,,,,
,,,,,,,,,,,,,,,,,,,,,
,,,,,,,,,,,,,,,,,,,,,
,,,,,,,,,,,,,,,,,,,,,
,,,,,,,,,,,,,,,,,,,,,
,,,,,,,,,,,,,,,,,,,,,
,,,,,,,,,,,,,,,,,,,,,
,,,,,,,,,,,,,,,,,,,,,
,,,,,,,,,,,,,,,,,,,,,
,,,,,,,,,,,,,,,,,,,,,
,,,,,,,,,,,,,,,,,,,,,
,,,,,,,,,,,,,,,,,,,,,
,,,,,,,,,,,,,,,,,,,,,
,,,,,,,,,,,,,,,,,,,,,
,,,,,,,,,,,,,,,,,,,,,
,,,,,,,,,,,,,,,,,,,,,
,,,,,,,,,,,,,,,,,,,,,
,,,,,,,,,,,,,,,,,,,,,
,,,,,,,,,,,,,,,,,,,,,
,,,,,,,,,,,,,,,,,,,,,
,,,,,,,,,,,,,,,,,,,,,
,,,,,,,,,,,,,,,,,,,,,
,,,,,,,,,,,,,,,,,,,,,
,,,,,,,,,,,,,,,,,,,,,
,,,,,,,,,,,,,,,,,,,,,
,,,,,,,,,,,,,,,,,,,,,
,,,,,,,,,,,,,,,,,,,,,
,,,,,,,,,,,,,,,,,,,,,
,,,,,,,,,,,,,,,,,,,,,
,,,,,,,,,,,,,,,,,,,,,
,,,,,,,,,,,,,,,,,,,,,
,,,,,,,,,,,,,,,,,,,,,
,,,,,,,,,,,,,,,,,,,,,
,,,,,,,,,,,,,,,,,,,,,
,,,,,,,,,,,,,,,,,,,,,
,,,,,,,,,,,,,,,,,,,,,
,,,,,,,,,,,,,,,,,,,,,
,,,,,,,,,,,,,,,,,,,,,
,,,,,,,,,,,,,,,,,,,,,
,,,,,,,,,,,,,,,,,,,,,
,,,,,,,,,,,,,,,,,,,,,
,,,,,,,,,,,,,,,,,,,,,
,,,,,,,,,,,,,,,,,,,,,
,,,,,,,,,,,,,,,,,,,,,
,,,,,,,,,,,,,,,,,,,,,
,,,,,,,,,,,,,,,,,,,,,
,,,,,,,,,,,,,,,,,,,,,
,,,,,,,,,,,,,,,,,,,,,
,,,,,,,,,,,,,,,,,,,,,
,,,,,,,,,,,,,,,,,,,,,
,,,,,,,,,,,,,,,,,,,,,
,,,,,,,,,,,,,,,,,,,,,
,,,,,,,,,,,,,,,,,,,,,
,,,,,,,,,,,,,,,,,,,,,
,,,,,,,,,,,,,,,,,,,,,
,,,,,,,,,,,,,,,,,,,,,
,,,,,,,,,,,,,,,,,,,,,
,,,,,,,,,,,,,,,,,,,,,
,,,,,,,,,,,,,,,,,,,,,
,,,,,,,,,,,,,,,,,,,,,
,,,,,,,,,,,,,,,,,,,,,
,,,,,,,,,,,,,,,,,,,,,
,,,,,,,,,,,,,,,,,,,,,
,,,,,,,,,,,,,,,,,,,,,
,,,,,,,,,,,,,,,,,,,,,
,,,,,,,,,,,,,,,,,,,,,
,,,,,,,,,,,,,,,,,,,,,
,,,,,,,,,,,,,,,,,,,,,
,,,,,,,,,,,,,,,,,,,,,
,,,,,,,,,,,,,,,,,,,,,
,,,,,,,,,,,,,,,,,,,,,
,,,,,,,,,,,,,,,,,,,,,
,,,,,,,,,,,,,,,,,,,,,
,,,,,,,,,,,,,,,,,,,,,
,,,,,,,,,,,,,,,,,,,,,
,,,,,,,,,,,,,,,,,,,,,
,,,,,,,,,,,,,,,,,,,,,
,,,,,,,,,,,,,,,,,,,,,
,,,,,,,,,,,,,,,,,,,,,
,,,,,,,,,,,,,,,,,,,,,
,,,,,,,,,,,,,,,,,,,,,
,,,,,,,,,,,,,,,,,,,,,
,,,,,,,,,,,,,,,,,,,,,
,,,,,,,,,,,,,,,,,,,,,
,,,,,,,,,,,,,,,,,,,,,
,,,,,,,,,,,,,,,,,,,,,
,,,,,,,,,,,,,,,,,,,,,
,,,,,,,,,,,,,,,,,,,,,
,,,,,,,,,,,,,,,,,,,,,
,,,,,,,,,,,,,,,,,,,,,
,,,,,,,,,,,,,,,,,,,,,
,,,,,,,,,,,,,,,,,,,,,
,,,,,,,,,,,,,,,,,,,,,
,,,,,,,,,,,,,,,,,,,,,
,,,,,,,,,,,,,,,,,,,,,
,,,,,,,,,,,,,,,,,,,,,
,,,,,,,,,,,,,,,,,,,,,
,,,,,,,,,,,,,,,,,,,,,
,,,,,,,,,,,,,,,,,,,,,
,,,,,,,,,,,,,,,,,,,,,
,,,,,,,,,,,,,,,,,,,,,
,,,,,,,,,,,,,,,,,,,,,
,,,,,,,,,,,,,,,,,,,,,
,,,,,,,,,,,,,,,,,,,,,
,,,,,,,,,,,,,,,,,,,,,
,,,,,,,,,,,,,,,,,,,,,
,,,,,,,,,,,,,,,,,,,,,
,,,,,,,,,,,,,,,,,,,,,
,,,,,,,,,,,,,,,,,,,,,
,,,,,,,,,,,,,,,,,,,,,
,,,,,,,,,,,,,,,,,,,,,
,,,,,,,,,,,,,,,,,,,,,
,,,,,,,,,,,,,,,,,,,,,
,,,,,,,,,,,,,,,,,,,,,
,,,,,,,,,,,,,,,,,,,,,
,,,,,,,,,,,,,,,,,,,,,
,,,,,,,,,,,,,,,,,,,,,
,,,,,,,,,,,,,,,,,,,,,
,,,,,,,,,,,,,,,,,,,,,
,,,,,,,,,,,,,,,,,,,,,
,,,,,,,,,,,,,,,,,,,,,
,,,,,,,,,,,,,,,,,,,,,
,,,,,,,,,,,,,,,,,,,,,
,,,,,,,,,,,,,,,,,,,,,
,,,,,,,,,,,,,,,,,,,,,
,,,,,,,,,,,,,,,,,,,,,
,,,,,,,,,,,,,,,,,,,,,
,,,,,,,,,,,,,,,,,,,,,
,,,,,,,,,,,,,,,,,,,,,
,,,,,,,,,,,,,,,,,,,,,
,,,,,,,,,,,,,,,,,,,,,
,,,,,,,,,,,,,,,,,,,,,
,,,,,,,,,,,,,,,,,,,,,
,,,,,,,,,,,,,,,,,,,,,
,,,,,,,,,,,,,,,,,,,,,
,,,,,,,,,,,,,,,,,,,,,
,,,,,,,,,,,,,,,,,,,,,
,,,,,,,,,,,,,,,,,,,,,
,,,,,,,,,,,,,,,,,,,,,
,,,,,,,,,,,,,,,,,,,,,
,,,,,,,,,,,,,,,,,,,,,
,,,,,,,,,,,,,,,,,,,,,
,,,,,,,,,,,,,,,,,,,,,
,,,,,,,,,,,,,,,,,,,,,
